EOC Phish EmailSubject,EOC Email From,EOC Sender IP
Microsoft account security alert,support@microsoft-support.com,185.23.45.239
URGENT: Password expires today!!!,admin@microsoft-support.com,185.23.45.84
Microsoft account security alert,info@microsoft-support.com,185.23.45.72
Password expiration notice,admin@microsoft-support.com,185.23.45.134
Microsoft account security alert,alert@microsoft-support.com,185.23.45.97
URGENT: Password expires today!!!,alert@microsoft-support.com,185.23.45.41
Password expiration notice,info@microsoft-support.com,185.23.45.97
Microsoft account security alert,no-reply@microsoft-support.com,185.23.45.35
URGENT: Password expires today!!!,info@microsoft-support.com,185.23.45.121
Password expiration notice,security@microsoft-support.com,185.23.45.251
Password expiration notice,admin@microsoft-support.com,185.23.45.2
Your password expires today,support@microsoft-support.com,185.23.45.192
Action required: reset your password,no-reply@microsoft-support.com,185.23.45.67
Password expiration notice,security@microsoft-support.com,185.23.45.194
Your password expires today,security@microsoft-support.com,185.23.45.123
Your password expires today,alert@microsoft-support.com,185.23.45.45
Action required: reset your password,admin@microsoft-support.com,185.23.45.30
Password expiration notice,alert@microsoft-support.com,185.23.45.49
Microsoft account security alert,info@microsoft-support.com,185.23.45.219
URGENT: Password expires today!!!,security@microsoft-support.com,185.23.45.211
Action required: reset your password,no-reply@microsoft-support.com,185.23.45.98
Microsoft account security alert,no-reply@microsoft-support.com,185.23.45.155
Password expiration notice,alert@microsoft-support.com,185.23.45.164
Password expiration notice,support@microsoft-support.com,185.23.45.18
Microsoft account security alert,info@microsoft-support.com,185.23.45.27
Microsoft account security alert,info@microsoft-support.com,185.23.45.61
Action required: reset your password,admin@microsoft-support.com,185.23.45.246
Microsoft account security alert,alert@microsoft-support.com,185.23.45.202
URGENT: Password expires today!!!,alert@microsoft-support.com,185.23.45.84
URGENT: Password expires today!!!,info@microsoft-support.com,185.23.45.145
URGENT: Password expires today!!!,info@microsoft-support.com,185.23.45.117
Your password expires today,security@microsoft-support.com,185.23.45.12
Your password expires today,alert@microsoft-support.com,185.23.45.173
Action required: reset your password,no-reply@microsoft-support.com,185.23.45.140
Password expiration notice,security@microsoft-support.com,185.23.45.59
Your password expires today,alert@microsoft-support.com,185.23.45.110
Microsoft account security alert,alert@microsoft-support.com,185.23.45.234
Your password expires today,alert@microsoft-support.com,185.23.45.229
Microsoft account security alert,admin@microsoft-support.com,185.23.45.160
Microsoft account security alert,info@microsoft-support.com,185.23.45.45
Package held at customs,alert@dhl-shipping.net,102.54.22.15
Your parcel is waiting,info@dhl-shipping.net,102.54.22.18
Shipment delayed - update info,support@dhl-shipping.net,102.54.22.200
Package held at customs,info@dhl-shipping.net,102.54.22.182
Delivery attempt failed,security@dhl-shipping.net,102.54.22.96
Delivery attempt failed,security@dhl-shipping.net,102.54.22.66
Delivery attempt failed,admin@dhl-shipping.net,102.54.22.56
Delivery attempt failed,admin@dhl-shipping.net,102.54.22.173
Your parcel is waiting,admin@dhl-shipping.net,102.54.22.7
Shipment delayed - update info,info@dhl-shipping.net,102.54.22.226
Package held at customs,support@dhl-shipping.net,102.54.22.119
Your parcel is waiting,no-reply@dhl-shipping.net,102.54.22.175
DHL Delivery - Action Required,support@dhl-shipping.net,102.54.22.156
Your parcel is waiting,alert@dhl-shipping.net,102.54.22.5
Delivery attempt failed,support@dhl-shipping.net,102.54.22.9
Delivery attempt failed,alert@dhl-shipping.net,102.54.22.223
Delivery attempt failed,admin@dhl-shipping.net,102.54.22.208
Package held at customs,support@dhl-shipping.net,102.54.22.142
Shipment delayed - update info,alert@dhl-shipping.net,102.54.22.132
Package held at customs,support@dhl-shipping.net,102.54.22.79
DHL Delivery - Action Required,support@dhl-shipping.net,102.54.22.103
Shipment delayed - update info,support@dhl-shipping.net,102.54.22.25
Shipment delayed - update info,admin@dhl-shipping.net,102.54.22.171
Delivery attempt failed,admin@dhl-shipping.net,102.54.22.84
Your parcel is waiting,no-reply@dhl-shipping.net,102.54.22.36
Delivery attempt failed,security@dhl-shipping.net,102.54.22.208
DHL Delivery - Action Required,admin@dhl-shipping.net,102.54.22.118
Your parcel is waiting,security@dhl-shipping.net,102.54.22.217
Your parcel is waiting,alert@dhl-shipping.net,102.54.22.239
Package held at customs,support@dhl-shipping.net,102.54.22.197
Account suspended - verify now,support@bank-secure.com,77.88.99.50
Bank account locked,no-reply@bank-secure.com,77.88.99.36
Unusual activity detected,alert@bank-secure.com,77.88.99.237
Bank account locked,support@bank-secure.com,77.88.99.83
Account suspended - verify now,security@bank-secure.com,77.88.99.44
Bank account locked,admin@bank-secure.com,77.88.99.11
Verify your bank account,alert@bank-secure.com,77.88.99.5
Confirm your identity,no-reply@bank-secure.com,77.88.99.210
Confirm your identity,admin@bank-secure.com,77.88.99.138
Account suspended - verify now,security@bank-secure.com,77.88.99.188
Bank account locked,info@bank-secure.com,77.88.99.30
Confirm your identity,security@bank-secure.com,77.88.99.139
Bank account locked,no-reply@bank-secure.com,77.88.99.114
Verify your bank account,alert@bank-secure.com,77.88.99.129
Confirm your identity,admin@bank-secure.com,77.88.99.39
Confirm your identity,alert@bank-secure.com,77.88.99.11
Bank account locked,info@bank-secure.com,77.88.99.79
Confirm your identity,no-reply@bank-secure.com,77.88.99.130
Account suspended - verify now,admin@bank-secure.com,77.88.99.177
Confirm your identity,no-reply@bank-secure.com,77.88.99.132
Invoice attached,admin@random-mail.com,10.10.10.141
Invoice attached,alert@random-mail.com,10.10.10.39
Invoice attached,security@random-mail.com,10.10.10.42
Meeting reminder,info@random-mail.com,10.10.10.152
Weekly report,alert@random-mail.com,10.10.10.244
Hello,no-reply@random-mail.com,10.10.10.145
Weekly report,info@random-mail.com,10.10.10.150
Invoice attached,no-reply@random-mail.com,10.10.10.208
Lunch plans?,info@random-mail.com,10.10.10.210
Lunch plans?,no-reply@random-mail.com,10.10.10.194
